File Name,LOC,Number of Comments,Comment %
G:\MetricsToolGIT\JDeodorant-master\src\ca\concordia\jdeodorant\clone\parsers\CCFinderOutputParser.java,320,8,2
G:\MetricsToolGIT\JDeodorant-master\src\ca\concordia\jdeodorant\clone\parsers\CloneDetectorOutputParseException.java,13,0,0
G:\MetricsToolGIT\JDeodorant-master\src\ca\concordia\jdeodorant\clone\parsers\CloneDetectorOutputParser.java,177,0,0
G:\MetricsToolGIT\JDeodorant-master\src\ca\concordia\jdeodorant\clone\parsers\CloneDetectorOutputParserFactory.java,20,0,0
G:\MetricsToolGIT\JDeodorant-master\src\ca\concordia\jdeodorant\clone\parsers\CloneDetectorOutputParserProgressObserver.java,4,0,0
G:\MetricsToolGIT\JDeodorant-master\src\ca\concordia\jdeodorant\clone\parsers\CloneDetectorType.java,12,0,0
G:\MetricsToolGIT\JDeodorant-master\src\ca\concordia\jdeodorant\clone\parsers\CloneDROutputParser.java,91,1,1
G:\MetricsToolGIT\JDeodorant-master\src\ca\concordia\jdeodorant\clone\parsers\CloneGroup.java,117,0,0
G:\MetricsToolGIT\JDeodorant-master\src\ca\concordia\jdeodorant\clone\parsers\CloneGroupList.java,55,0,0
G:\MetricsToolGIT\JDeodorant-master\src\ca\concordia\jdeodorant\clone\parsers\CloneInstance.java,131,1,0
G:\MetricsToolGIT\JDeodorant-master\src\ca\concordia\jdeodorant\clone\parsers\CloneInstanceLocationInfo.java,176,4,2
G:\MetricsToolGIT\JDeodorant-master\src\ca\concordia\jdeodorant\clone\parsers\CloneInstanceStatus.java,4,0,0
G:\MetricsToolGIT\JDeodorant-master\src\ca\concordia\jdeodorant\clone\parsers\ClonesRelativeLocation.java,12,0,0
G:\MetricsToolGIT\JDeodorant-master\src\ca\concordia\jdeodorant\clone\parsers\ConQATOutputParser.java,99,0,0
G:\MetricsToolGIT\JDeodorant-master\src\ca\concordia\jdeodorant\clone\parsers\DeckardOutputParser.java,75,0,0
G:\MetricsToolGIT\JDeodorant-master\src\ca\concordia\jdeodorant\clone\parsers\InvalidInputFileException.java,13,0,0
G:\MetricsToolGIT\JDeodorant-master\src\ca\concordia\jdeodorant\clone\parsers\JavaModelUtility.java,62,1,1
G:\MetricsToolGIT\JDeodorant-master\src\ca\concordia\jdeodorant\clone\parsers\NiCadOutputParser.java,84,0,0
G:\MetricsToolGIT\JDeodorant-master\src\ca\concordia\jdeodorant\clone\parsers\ResourceInfo.java,91,2,2
G:\MetricsToolGIT\JDeodorant-master\src\ca\concordia\jdeodorant\clone\parsers\TextDiff.java,1533,354,23
G:\MetricsToolGIT\JDeodorant-master\src\gr\uom\java\ast\AbstractMethodDeclaration.java,70,0,0
G:\MetricsToolGIT\JDeodorant-master\src\gr\uom\java\ast\AbstractMethodInvocationObject.java,117,2,1
G:\MetricsToolGIT\JDeodorant-master\src\gr\uom\java\ast\Access.java,18,0,0
G:\MetricsToolGIT\JDeodorant-master\src\gr\uom\java\ast\AnonymousClassDeclarationObject.java,57,1,1
G:\MetricsToolGIT\JDeodorant-master\src\gr\uom\java\ast\ArrayAccessObject.java,18,0,0
G:\MetricsToolGIT\JDeodorant-master\src\gr\uom\java\ast\ArrayCreationObject.java,13,0,0
G:\MetricsToolGIT\JDeodorant-master\src\gr\uom\java\ast\association\Association.java,49,0,0
G:\MetricsToolGIT\JDeodorant-master\src\gr\uom\java\ast\association\AssociationDetection.java,164,2,1
G:\MetricsToolGIT\JDeodorant-master\src\gr\uom\java\ast\ASTInformation.java,52,0,0
G:\MetricsToolGIT\JDeodorant-master\src\gr\uom\java\ast\ASTInformationGenerator.java,12,0,0
G:\MetricsToolGIT\JDeodorant-master\src\gr\uom\java\ast\ASTReader.java,562,1,0
G:\MetricsToolGIT\JDeodorant-master\src\gr\uom\java\ast\ClassDeclarationObject.java,195,0,0
G:\MetricsToolGIT\JDeodorant-master\src\gr\uom\java\ast\ClassInstanceCreationObject.java,54,0,0
G:\MetricsToolGIT\JDeodorant-master\src\gr\uom\java\ast\ClassObject.java,238,5,2
G:\MetricsToolGIT\JDeodorant-master\src\gr\uom\java\ast\CommentObject.java,72,1,1
G:\MetricsToolGIT\JDeodorant-master\src\gr\uom\java\ast\CommentType.java,4,0,0
G:\MetricsToolGIT\JDeodorant-master\src\gr\uom\java\ast\CompilationErrorDetectedException.java,13,0,0
G:\MetricsToolGIT\JDeodorant-master\src\gr\uom\java\ast\CompilationUnitCache.java,218,3,1
G:\MetricsToolGIT\JDeodorant-master\src\gr\uom\java\ast\ConstructorInvocationObject.java,17,1,5
G:\MetricsToolGIT\JDeodorant-master\src\gr\uom\java\ast\ConstructorObject.java,429,4,0
G:\MetricsToolGIT\JDeodorant-master\src\gr\uom\java\ast\CreationObject.java,11,0,0
G:\MetricsToolGIT\JDeodorant-master\src\gr\uom\java\ast\decomposition\AbstractExpression.java,59,0,0
G:\MetricsToolGIT\JDeodorant-master\src\gr\uom\java\ast\decomposition\AbstractMethodFragment.java,982,40,4
G:\MetricsToolGIT\JDeodorant-master\src\gr\uom\java\ast\decomposition\AbstractStatement.java,32,0,0
G:\MetricsToolGIT\JDeodorant-master\src\gr\uom\java\ast\decomposition\CatchClauseObject.java,73,0,0
G:\MetricsToolGIT\JDeodorant-master\src\gr\uom\java\ast\decomposition\cfg\AbstractVariable.java,53,1,1
G:\MetricsToolGIT\JDeodorant-master\src\gr\uom\java\ast\decomposition\cfg\BasicBlock.java,74,0,0
G:\MetricsToolGIT\JDeodorant-master\src\gr\uom\java\ast\decomposition\cfg\BasicBlockCFG.java,77,1,1
G:\MetricsToolGIT\JDeodorant-master\src\gr\uom\java\ast\decomposition\cfg\CFG.java,640,10,1
G:\MetricsToolGIT\JDeodorant-master\src\gr\uom\java\ast\decomposition\cfg\CFGBlockNode.java,14,0,0
G:\MetricsToolGIT\JDeodorant-master\src\gr\uom\java\ast\decomposition\cfg\CFGBranchConditionalNode.java,44,0,0
G:\MetricsToolGIT\JDeodorant-master\src\gr\uom\java\ast\decomposition\cfg\CFGBranchDoLoopNode.java,27,1,3
G:\MetricsToolGIT\JDeodorant-master\src\gr\uom\java\ast\decomposition\cfg\CFGBranchIfNode.java,81,0,0
G:\MetricsToolGIT\JDeodorant-master\src\gr\uom\java\ast\decomposition\cfg\CFGBranchLoopNode.java,41,0,0
G:\MetricsToolGIT\JDeodorant-master\src\gr\uom\java\ast\decomposition\cfg\CFGBranchNode.java,125,1,0
G:\MetricsToolGIT\JDeodorant-master\src\gr\uom\java\ast\decomposition\cfg\CFGBranchSwitchNode.java,7,0,0
G:\MetricsToolGIT\JDeodorant-master\src\gr\uom\java\ast\decomposition\cfg\CFGBreakNode.java,25,0,0
G:\MetricsToolGIT\JDeodorant-master\src\gr\uom\java\ast\decomposition\cfg\CFGContinueNode.java,25,0,0
G:\MetricsToolGIT\JDeodorant-master\src\gr\uom\java\ast\decomposition\cfg\CFGExitNode.java,21,0,0
G:\MetricsToolGIT\JDeodorant-master\src\gr\uom\java\ast\decomposition\cfg\CFGNode.java,93,0,0
G:\MetricsToolGIT\JDeodorant-master\src\gr\uom\java\ast\decomposition\cfg\CFGSwitchCaseNode.java,17,0,0
G:\MetricsToolGIT\JDeodorant-master\src\gr\uom\java\ast\decomposition\cfg\CFGSynchronizedNode.java,7,0,0
G:\MetricsToolGIT\JDeodorant-master\src\gr\uom\java\ast\decomposition\cfg\CFGThrowNode.java,7,0,0
G:\MetricsToolGIT\JDeodorant-master\src\gr\uom\java\ast\decomposition\cfg\CFGTryNode.java,31,0,0
G:\MetricsToolGIT\JDeodorant-master\src\gr\uom\java\ast\decomposition\cfg\CompositeVariable.java,99,4,4
G:\MetricsToolGIT\JDeodorant-master\src\gr\uom\java\ast\decomposition\cfg\Flow.java,39,0,0
G:\MetricsToolGIT\JDeodorant-master\src\gr\uom\java\ast\decomposition\cfg\Graph.java,23,0,0
G:\MetricsToolGIT\JDeodorant-master\src\gr\uom\java\ast\decomposition\cfg\GraphEdge.java,15,0,0
G:\MetricsToolGIT\JDeodorant-master\src\gr\uom\java\ast\decomposition\cfg\GraphNode.java,27,0,0
G:\MetricsToolGIT\JDeodorant-master\src\gr\uom\java\ast\decomposition\cfg\mapping\BottomUpCDTMapper.java,255,6,2
G:\MetricsToolGIT\JDeodorant-master\src\gr\uom\java\ast\decomposition\cfg\mapping\CloneInstanceMapper.java,690,29,4
G:\MetricsToolGIT\JDeodorant-master\src\gr\uom\java\ast\decomposition\cfg\mapping\CloneRefactoringType.java,12,0,0
G:\MetricsToolGIT\JDeodorant-master\src\gr\uom\java\ast\decomposition\cfg\mapping\CloneStructureNode.java,499,5,1
G:\MetricsToolGIT\JDeodorant-master\src\gr\uom\java\ast\decomposition\cfg\mapping\CloneType.java,12,0,0
G:\MetricsToolGIT\JDeodorant-master\src\gr\uom\java\ast\decomposition\cfg\mapping\CodeFragmentDecomposer.java,99,0,0
G:\MetricsToolGIT\JDeodorant-master\src\gr\uom\java\ast\decomposition\cfg\mapping\CompleteSubTreeMatch.java,70,1,1
G:\MetricsToolGIT\JDeodorant-master\src\gr\uom\java\ast\decomposition\cfg\mapping\ControlDependenceTreeGenerator.java,201,11,5
G:\MetricsToolGIT\JDeodorant-master\src\gr\uom\java\ast\decomposition\cfg\mapping\ControlDependenceTreeNode.java,375,3,0
G:\MetricsToolGIT\JDeodorant-master\src\gr\uom\java\ast\decomposition\cfg\mapping\ControlDependenceTreeNodeMatchPair.java,127,0,0
G:\MetricsToolGIT\JDeodorant-master\src\gr\uom\java\ast\decomposition\cfg\mapping\ControlDependenceTreeNodeMatchPairComparator.java,24,0,0
G:\MetricsToolGIT\JDeodorant-master\src\gr\uom\java\ast\decomposition\cfg\mapping\DivideAndConquerMatcher.java,1475,25,1
G:\MetricsToolGIT\JDeodorant-master\src\gr\uom\java\ast\decomposition\cfg\mapping\ExtractStatementsVisitor.java,162,1,0
G:\MetricsToolGIT\JDeodorant-master\src\gr\uom\java\ast\decomposition\cfg\mapping\IdBasedGap.java,43,1,2
G:\MetricsToolGIT\JDeodorant-master\src\gr\uom\java\ast\decomposition\cfg\mapping\IdBasedMapping.java,18,0,0
G:\MetricsToolGIT\JDeodorant-master\src\gr\uom\java\ast\decomposition\cfg\mapping\IdenticalStatementDecomposer.java,33,0,0
G:\MetricsToolGIT\JDeodorant-master\src\gr\uom\java\ast\decomposition\cfg\mapping\MappingState.java,594,7,1
G:\MetricsToolGIT\JDeodorant-master\src\gr\uom\java\ast\decomposition\cfg\mapping\NodeMapping.java,142,0,0
G:\MetricsToolGIT\JDeodorant-master\src\gr\uom\java\ast\decomposition\cfg\mapping\PDGEdgeMapping.java,77,0,0
G:\MetricsToolGIT\JDeodorant-master\src\gr\uom\java\ast\decomposition\cfg\mapping\PDGElseGap.java,55,0,0
G:\MetricsToolGIT\JDeodorant-master\src\gr\uom\java\ast\decomposition\cfg\mapping\PDGElseMapping.java,56,0,0
G:\MetricsToolGIT\JDeodorant-master\src\gr\uom\java\ast\decomposition\cfg\mapping\PDGMapper.java,156,2,1
G:\MetricsToolGIT\JDeodorant-master\src\gr\uom\java\ast\decomposition\cfg\mapping\PDGNodeGap.java,96,1,1
G:\MetricsToolGIT\JDeodorant-master\src\gr\uom\java\ast\decomposition\cfg\mapping\PDGNodeMapping.java,261,0,0
G:\MetricsToolGIT\JDeodorant-master\src\gr\uom\java\ast\decomposition\cfg\mapping\PDGRegionSubTreeMapper.java,115,1,0
G:\MetricsToolGIT\JDeodorant-master\src\gr\uom\java\ast\decomposition\cfg\mapping\PDGSubTreeMapper.java,98,1,1
G:\MetricsToolGIT\JDeodorant-master\src\gr\uom\java\ast\decomposition\cfg\mapping\precondition\BoldStyler.java,12,0,0
G:\MetricsToolGIT\JDeodorant-master\src\gr\uom\java\ast\decomposition\cfg\mapping\precondition\DualExpressionPreconditionViolation.java,81,0,0
G:\MetricsToolGIT\JDeodorant-master\src\gr\uom\java\ast\decomposition\cfg\mapping\precondition\DualExpressionWithCommonSuperTypePreconditionViolation.java,95,0,0
G:\MetricsToolGIT\JDeodorant-master\src\gr\uom\java\ast\decomposition\cfg\mapping\precondition\ExpressionPreconditionViolation.java,37,0,0
G:\MetricsToolGIT\JDeodorant-master\src\gr\uom\java\ast\decomposition\cfg\mapping\precondition\NormalStyler.java,13,0,0
G:\MetricsToolGIT\JDeodorant-master\src\gr\uom\java\ast\decomposition\cfg\mapping\precondition\NotAllPossibleExecutionFlowsEndInReturnPreconditionViolation.java,20,0,0
G:\MetricsToolGIT\JDeodorant-master\src\gr\uom\java\ast\decomposition\cfg\mapping\precondition\PreconditionViolation.java,26,0,0
G:\MetricsToolGIT\JDeodorant-master\src\gr\uom\java\ast\decomposition\cfg\mapping\precondition\PreconditionViolationType.java,57,0,0
G:\MetricsToolGIT\JDeodorant-master\src\gr\uom\java\ast\decomposition\cfg\mapping\precondition\ReturnedVariablePreconditionViolation.java,76,0,0
G:\MetricsToolGIT\JDeodorant-master\src\gr\uom\java\ast\decomposition\cfg\mapping\precondition\StatementPreconditionViolation.java,110,0,0
G:\MetricsToolGIT\JDeodorant-master\src\gr\uom\java\ast\decomposition\cfg\mapping\precondition\Suggestion.java,18,0,0
G:\MetricsToolGIT\JDeodorant-master\src\gr\uom\java\ast\decomposition\cfg\mapping\precondition\UncommonSuperclassPreconditionViolation.java,33,0,0
G:\MetricsToolGIT\JDeodorant-master\src\gr\uom\java\ast\decomposition\cfg\mapping\precondition\ZeroMatchedStatementsPreconditionViolation.java,20,0,0
G:\MetricsToolGIT\JDeodorant-master\src\gr\uom\java\ast\decomposition\cfg\mapping\PreconditionExaminer.java,3646,50,1
G:\MetricsToolGIT\JDeodorant-master\src\gr\uom\java\ast\decomposition\cfg\mapping\StatementCollector.java,146,0,0
G:\MetricsToolGIT\JDeodorant-master\src\gr\uom\java\ast\decomposition\cfg\mapping\SubTreeMatchComparator.java,9,0,0
G:\MetricsToolGIT\JDeodorant-master\src\gr\uom\java\ast\decomposition\cfg\mapping\SwitchBodyDecomposer.java,34,0,0
G:\MetricsToolGIT\JDeodorant-master\src\gr\uom\java\ast\decomposition\cfg\mapping\TopDownCDTMapper.java,151,1,0
G:\MetricsToolGIT\JDeodorant-master\src\gr\uom\java\ast\decomposition\cfg\mapping\VariableBindingKeyPair.java,37,0,0
G:\MetricsToolGIT\JDeodorant-master\src\gr\uom\java\ast\decomposition\cfg\mapping\VariableBindingPair.java,51,0,0
G:\MetricsToolGIT\JDeodorant-master\src\gr\uom\java\ast\decomposition\cfg\MethodCallAnalyzer.java,1076,19,1
G:\MetricsToolGIT\JDeodorant-master\src\gr\uom\java\ast\decomposition\cfg\PDG.java,769,5,0
G:\MetricsToolGIT\JDeodorant-master\src\gr\uom\java\ast\decomposition\cfg\PDGAbstractDataDependence.java,56,0,0
G:\MetricsToolGIT\JDeodorant-master\src\gr\uom\java\ast\decomposition\cfg\PDGAntiDependence.java,6,0,0
G:\MetricsToolGIT\JDeodorant-master\src\gr\uom\java\ast\decomposition\cfg\PDGBlockNode.java,128,0,0
G:\MetricsToolGIT\JDeodorant-master\src\gr\uom\java\ast\decomposition\cfg\PDGControlDependence.java,53,0,0
G:\MetricsToolGIT\JDeodorant-master\src\gr\uom\java\ast\decomposition\cfg\PDGControlPredicateNode.java,121,0,0
G:\MetricsToolGIT\JDeodorant-master\src\gr\uom\java\ast\decomposition\cfg\PDGDataDependence.java,6,0,0
G:\MetricsToolGIT\JDeodorant-master\src\gr\uom\java\ast\decomposition\cfg\PDGDependence.java,17,0,0
G:\MetricsToolGIT\JDeodorant-master\src\gr\uom\java\ast\decomposition\cfg\PDGDependenceType.java,4,0,0
G:\MetricsToolGIT\JDeodorant-master\src\gr\uom\java\ast\decomposition\cfg\PDGExitNode.java,17,0,0
G:\MetricsToolGIT\JDeodorant-master\src\gr\uom\java\ast\decomposition\cfg\PDGExpression.java,178,5,2
G:\MetricsToolGIT\JDeodorant-master\src\gr\uom\java\ast\decomposition\cfg\PDGMethodEntryNode.java,40,0,0
G:\MetricsToolGIT\JDeodorant-master\src\gr\uom\java\ast\decomposition\cfg\PDGNode.java,553,4,0
G:\MetricsToolGIT\JDeodorant-master\src\gr\uom\java\ast\decomposition\cfg\PDGObjectSliceUnion.java,504,2,0
G:\MetricsToolGIT\JDeodorant-master\src\gr\uom\java\ast\decomposition\cfg\PDGObjectSliceUnionCollection.java,54,0,0
G:\MetricsToolGIT\JDeodorant-master\src\gr\uom\java\ast\decomposition\cfg\PDGOutputDependence.java,6,0,0
G:\MetricsToolGIT\JDeodorant-master\src\gr\uom\java\ast\decomposition\cfg\PDGSlice.java,428,0,0
G:\MetricsToolGIT\JDeodorant-master\src\gr\uom\java\ast\decomposition\cfg\PDGSliceUnion.java,486,2,0
G:\MetricsToolGIT\JDeodorant-master\src\gr\uom\java\ast\decomposition\cfg\PDGSliceUnionCollection.java,35,0,0
G:\MetricsToolGIT\JDeodorant-master\src\gr\uom\java\ast\decomposition\cfg\PDGStatementNode.java,118,0,0
G:\MetricsToolGIT\JDeodorant-master\src\gr\uom\java\ast\decomposition\cfg\PDGSynchronizedNode.java,11,0,0
G:\MetricsToolGIT\JDeodorant-master\src\gr\uom\java\ast\decomposition\cfg\PDGTryNode.java,44,0,0
G:\MetricsToolGIT\JDeodorant-master\src\gr\uom\java\ast\decomposition\cfg\PlainVariable.java,50,0,0
G:\MetricsToolGIT\JDeodorant-master\src\gr\uom\java\ast\decomposition\cfg\ReachingAliasSet.java,115,0,0
G:\MetricsToolGIT\JDeodorant-master\src\gr\uom\java\ast\decomposition\CompositeStatementObject.java,246,3,1
G:\MetricsToolGIT\JDeodorant-master\src\gr\uom\java\ast\decomposition\ExpressionType.java,32,0,0
G:\MetricsToolGIT\JDeodorant-master\src\gr\uom\java\ast\decomposition\matching\ASTNodeDifference.java,270,0,0
G:\MetricsToolGIT\JDeodorant-master\src\gr\uom\java\ast\decomposition\matching\ASTNodeMatcher.java,2492,16,0
G:\MetricsToolGIT\JDeodorant-master\src\gr\uom\java\ast\decomposition\matching\BindingSignature.java,88,0,0
G:\MetricsToolGIT\JDeodorant-master\src\gr\uom\java\ast\decomposition\matching\BindingSignaturePair.java,62,0,0
G:\MetricsToolGIT\JDeodorant-master\src\gr\uom\java\ast\decomposition\matching\BindingSignatureVisitor.java,346,3,0
G:\MetricsToolGIT\JDeodorant-master\src\gr\uom\java\ast\decomposition\matching\conditional\AbstractControlCase.java,37,0,0
G:\MetricsToolGIT\JDeodorant-master\src\gr\uom\java\ast\decomposition\matching\conditional\AbstractControlStructure.java,33,0,0
G:\MetricsToolGIT\JDeodorant-master\src\gr\uom\java\ast\decomposition\matching\conditional\AbstractControlStructureUtilities.java,145,14,9
G:\MetricsToolGIT\JDeodorant-master\src\gr\uom\java\ast\decomposition\matching\conditional\IfControlCase.java,22,0,0
G:\MetricsToolGIT\JDeodorant-master\src\gr\uom\java\ast\decomposition\matching\conditional\IfControlStructure.java,77,2,2
G:\MetricsToolGIT\JDeodorant-master\src\gr\uom\java\ast\decomposition\matching\conditional\Pair.java,48,0,0
G:\MetricsToolGIT\JDeodorant-master\src\gr\uom\java\ast\decomposition\matching\conditional\SwitchControlCase.java,97,6,6
G:\MetricsToolGIT\JDeodorant-master\src\gr\uom\java\ast\decomposition\matching\conditional\SwitchControlStructure.java,70,29,41
G:\MetricsToolGIT\JDeodorant-master\src\gr\uom\java\ast\decomposition\matching\conditional\TernaryControlStructure.java,79,1,1
G:\MetricsToolGIT\JDeodorant-master\src\gr\uom\java\ast\decomposition\matching\Difference.java,56,0,0
G:\MetricsToolGIT\JDeodorant-master\src\gr\uom\java\ast\decomposition\matching\DifferenceType.java,70,0,0
G:\MetricsToolGIT\JDeodorant-master\src\gr\uom\java\ast\decomposition\matching\FieldAccessReplacedWithGetterInvocationDifference.java,36,0,0
G:\MetricsToolGIT\JDeodorant-master\src\gr\uom\java\ast\decomposition\matching\FieldAssignmentReplacedWithSetterInvocationDifference.java,73,0,0
G:\MetricsToolGIT\JDeodorant-master\src\gr\uom\java\ast\decomposition\matching\loop\AbstractControlVariable.java,43,1,2
G:\MetricsToolGIT\JDeodorant-master\src\gr\uom\java\ast\decomposition\matching\loop\AbstractLoop.java,43,0,0
G:\MetricsToolGIT\JDeodorant-master\src\gr\uom\java\ast\decomposition\matching\loop\AbstractLoopBindingInformation.java,102,50,49
G:\MetricsToolGIT\JDeodorant-master\src\gr\uom\java\ast\decomposition\matching\loop\AbstractLoopUtilities.java,494,16,3
G:\MetricsToolGIT\JDeodorant-master\src\gr\uom\java\ast\decomposition\matching\loop\ConditionalLoop.java,184,15,8
G:\MetricsToolGIT\JDeodorant-master\src\gr\uom\java\ast\decomposition\matching\loop\ConditionalLoopASTNodeMatcher.java,136,4,2
G:\MetricsToolGIT\JDeodorant-master\src\gr\uom\java\ast\decomposition\matching\loop\ControlVariable.java,386,33,8
G:\MetricsToolGIT\JDeodorant-master\src\gr\uom\java\ast\decomposition\matching\loop\EarliestStartPositionComparator.java,8,0,0
G:\MetricsToolGIT\JDeodorant-master\src\gr\uom\java\ast\decomposition\matching\loop\EnhancedForLoop.java,53,9,16
G:\MetricsToolGIT\JDeodorant-master\src\gr\uom\java\ast\decomposition\matching\loop\VariableUpdater.java,23,0,0
G:\MetricsToolGIT\JDeodorant-master\src\gr\uom\java\ast\decomposition\matching\loop\VariableValue.java,35,0,0
G:\MetricsToolGIT\JDeodorant-master\src\gr\uom\java\ast\decomposition\matching\NodePair.java,25,0,0
G:\MetricsToolGIT\JDeodorant-master\src\gr\uom\java\ast\decomposition\matching\NodePairComparisonCache.java,60,0,0
G:\MetricsToolGIT\JDeodorant-master\src\gr\uom\java\ast\decomposition\MethodBodyObject.java,515,24,4
G:\MetricsToolGIT\JDeodorant-master\src\gr\uom\java\ast\decomposition\StatementObject.java,36,2,5
G:\MetricsToolGIT\JDeodorant-master\src\gr\uom\java\ast\decomposition\StatementType.java,38,0,0
G:\MetricsToolGIT\JDeodorant-master\src\gr\uom\java\ast\decomposition\SynchronizedStatementObject.java,10,0,0
G:\MetricsToolGIT\JDeodorant-master\src\gr\uom\java\ast\decomposition\TryStatementObject.java,129,0,0
G:\MetricsToolGIT\JDeodorant-master\src\gr\uom\java\ast\delegation\DelegationDetection.java,36,1,2
G:\MetricsToolGIT\JDeodorant-master\src\gr\uom\java\ast\delegation\DelegationPath.java,28,0,0
G:\MetricsToolGIT\JDeodorant-master\src\gr\uom\java\ast\delegation\DelegationTree.java,66,4,6
G:\MetricsToolGIT\JDeodorant-master\src\gr\uom\java\ast\EnumConstantDeclarationObject.java,67,0,0
G:\MetricsToolGIT\JDeodorant-master\src\gr\uom\java\ast\FieldInstructionObject.java,73,4,5
G:\MetricsToolGIT\JDeodorant-master\src\gr\uom\java\ast\FieldObject.java,112,3,2
G:\MetricsToolGIT\JDeodorant-master\src\gr\uom\java\ast\IfStatementExpressionAnalyzer.java,271,7,2
G:\MetricsToolGIT\JDeodorant-master\src\gr\uom\java\ast\Indexer.java,480,27,5
G:\MetricsToolGIT\JDeodorant-master\src\gr\uom\java\ast\inheritance\CompleteInheritanceDetection.java,83,0,0
G:\MetricsToolGIT\JDeodorant-master\src\gr\uom\java\ast\inheritance\InheritanceDetection.java,50,1,2
G:\MetricsToolGIT\JDeodorant-master\src\gr\uom\java\ast\inheritance\InheritanceTree.java,97,0,0
G:\MetricsToolGIT\JDeodorant-master\src\gr\uom\java\ast\inheritance\TypeBindingInheritanceDetection.java,77,1,1
G:\MetricsToolGIT\JDeodorant-master\src\gr\uom\java\ast\LibraryClassStorage.java,58,0,0
G:\MetricsToolGIT\JDeodorant-master\src\gr\uom\java\ast\LiteralObject.java,99,0,0
G:\MetricsToolGIT\JDeodorant-master\src\gr\uom\java\ast\LiteralType.java,9,0,0
G:\MetricsToolGIT\JDeodorant-master\src\gr\uom\java\ast\LocalVariableDeclarationObject.java,61,3,4
G:\MetricsToolGIT\JDeodorant-master\src\gr\uom\java\ast\LocalVariableInstructionObject.java,68,3,4
G:\MetricsToolGIT\JDeodorant-master\src\gr\uom\java\ast\MethodInvocationObject.java,17,2,11
G:\MetricsToolGIT\JDeodorant-master\src\gr\uom\java\ast\MethodObject.java,657,5,0
G:\MetricsToolGIT\JDeodorant-master\src\gr\uom\java\ast\metrics\ConnectivityMetric.java,131,9,6
G:\MetricsToolGIT\JDeodorant-master\src\gr\uom\java\ast\metrics\LCOM.java,144,0,0
G:\MetricsToolGIT\JDeodorant-master\src\gr\uom\java\ast\metrics\MMImportCoupling.java,76,0,0
G:\MetricsToolGIT\JDeodorant-master\src\gr\uom\java\ast\ParameterObject.java,61,3,4
G:\MetricsToolGIT\JDeodorant-master\src\gr\uom\java\ast\Standalone.java,232,0,0
G:\MetricsToolGIT\JDeodorant-master\src\gr\uom\java\ast\SuperFieldInstructionObject.java,63,4,6
G:\MetricsToolGIT\JDeodorant-master\src\gr\uom\java\ast\SuperMethodInvocationObject.java,17,2,11
G:\MetricsToolGIT\JDeodorant-master\src\gr\uom\java\ast\SystemObject.java,796,3,0
G:\MetricsToolGIT\JDeodorant-master\src\gr\uom\java\ast\TypeCheckCodeFragmentAnalyzer.java,1104,17,1
G:\MetricsToolGIT\JDeodorant-master\src\gr\uom\java\ast\TypeObject.java,116,2,1
G:\MetricsToolGIT\JDeodorant-master\src\gr\uom\java\ast\TypeSearchRequestor.java,21,0,0
G:\MetricsToolGIT\JDeodorant-master\src\gr\uom\java\ast\util\ExpressionExtractor.java,525,38,7
G:\MetricsToolGIT\JDeodorant-master\src\gr\uom\java\ast\util\ExpressionInstanceChecker.java,5,0,0
G:\MetricsToolGIT\JDeodorant-master\src\gr\uom\java\ast\util\InstanceOfArrayAccess.java,11,0,0
G:\MetricsToolGIT\JDeodorant-master\src\gr\uom\java\ast\util\InstanceOfArrayCreation.java,11,0,0
G:\MetricsToolGIT\JDeodorant-master\src\gr\uom\java\ast\util\InstanceOfAssignment.java,11,0,0
G:\MetricsToolGIT\JDeodorant-master\src\gr\uom\java\ast\util\InstanceOfBranchingStatement.java,13,0,0
G:\MetricsToolGIT\JDeodorant-master\src\gr\uom\java\ast\util\InstanceOfBreakStatement.java,11,0,0
G:\MetricsToolGIT\JDeodorant-master\src\gr\uom\java\ast\util\InstanceOfCastExpression.java,11,0,0
G:\MetricsToolGIT\JDeodorant-master\src\gr\uom\java\ast\util\InstanceOfClassInstanceCreation.java,11,0,0
G:\MetricsToolGIT\JDeodorant-master\src\gr\uom\java\ast\util\InstanceOfConditionalExpression.java,11,0,0
G:\MetricsToolGIT\JDeodorant-master\src\gr\uom\java\ast\util\InstanceOfConstructorInvocation.java,12,0,0
G:\MetricsToolGIT\JDeodorant-master\src\gr\uom\java\ast\util\InstanceOfContinueStatement.java,11,0,0
G:\MetricsToolGIT\JDeodorant-master\src\gr\uom\java\ast\util\InstanceOfDoStatement.java,11,0,0
G:\MetricsToolGIT\JDeodorant-master\src\gr\uom\java\ast\util\InstanceOfEnhancedForStatement.java,11,0,0
G:\MetricsToolGIT\JDeodorant-master\src\gr\uom\java\ast\util\InstanceOfExpression.java,7,0,0
G:\MetricsToolGIT\JDeodorant-master\src\gr\uom\java\ast\util\InstanceOfFieldAccess.java,11,0,0
G:\MetricsToolGIT\JDeodorant-master\src\gr\uom\java\ast\util\InstanceOfForStatement.java,11,0,0
G:\MetricsToolGIT\JDeodorant-master\src\gr\uom\java\ast\util\InstanceOfIfStatement.java,11,0,0
G:\MetricsToolGIT\JDeodorant-master\src\gr\uom\java\ast\util\InstanceOfInfixExpression.java,11,0,0
G:\MetricsToolGIT\JDeodorant-master\src\gr\uom\java\ast\util\InstanceOfInstanceofExpression.java,11,0,0
G:\MetricsToolGIT\JDeodorant-master\src\gr\uom\java\ast\util\InstanceOfLiteral.java,16,0,0
G:\MetricsToolGIT\JDeodorant-master\src\gr\uom\java\ast\util\InstanceOfMethodInvocation.java,12,0,0
G:\MetricsToolGIT\JDeodorant-master\src\gr\uom\java\ast\util\InstanceOfPostfixExpression.java,11,0,0
G:\MetricsToolGIT\JDeodorant-master\src\gr\uom\java\ast\util\InstanceOfPrefixExpression.java,11,0,0
G:\MetricsToolGIT\JDeodorant-master\src\gr\uom\java\ast\util\InstanceOfReturnStatement.java,11,0,0
G:\MetricsToolGIT\JDeodorant-master\src\gr\uom\java\ast\util\InstanceOfSimpleName.java,11,0,0
G:\MetricsToolGIT\JDeodorant-master\src\gr\uom\java\ast\util\InstanceOfSuperFieldAccess.java,11,0,0
G:\MetricsToolGIT\JDeodorant-master\src\gr\uom\java\ast\util\InstanceOfSuperMethodInvocation.java,11,0,0
G:\MetricsToolGIT\JDeodorant-master\src\gr\uom\java\ast\util\InstanceOfSwitchStatement.java,11,0,0
G:\MetricsToolGIT\JDeodorant-master\src\gr\uom\java\ast\util\InstanceOfThisExpression.java,11,0,0
G:\MetricsToolGIT\JDeodorant-master\src\gr\uom\java\ast\util\InstanceOfTryStatement.java,11,0,0
G:\MetricsToolGIT\JDeodorant-master\src\gr\uom\java\ast\util\InstanceOfTypeDeclarationStatement.java,11,0,0
G:\MetricsToolGIT\JDeodorant-master\src\gr\uom\java\ast\util\InstanceOfTypeLiteral.java,11,0,0
G:\MetricsToolGIT\JDeodorant-master\src\gr\uom\java\ast\util\InstanceOfVariableDeclarationExpression.java,11,0,0
G:\MetricsToolGIT\JDeodorant-master\src\gr\uom\java\ast\util\InstanceOfVariableDeclarationStatement.java,11,0,0
G:\MetricsToolGIT\JDeodorant-master\src\gr\uom\java\ast\util\InstanceOfVariableModifier.java,14,0,0
G:\MetricsToolGIT\JDeodorant-master\src\gr\uom\java\ast\util\InstanceOfWhileStatement.java,11,0,0
G:\MetricsToolGIT\JDeodorant-master\src\gr\uom\java\ast\util\math\AdjacencyList.java,52,0,0
G:\MetricsToolGIT\JDeodorant-master\src\gr\uom\java\ast\util\math\Cluster.java,47,0,0
G:\MetricsToolGIT\JDeodorant-master\src\gr\uom\java\ast\util\math\Clustering.java,17,0,0
G:\MetricsToolGIT\JDeodorant-master\src\gr\uom\java\ast\util\math\DoubleArray.java,60,12,20
G:\MetricsToolGIT\JDeodorant-master\src\gr\uom\java\ast\util\math\Edge.java,41,0,0
G:\MetricsToolGIT\JDeodorant-master\src\gr\uom\java\ast\util\math\Hierarchical.java,121,0,0
G:\MetricsToolGIT\JDeodorant-master\src\gr\uom\java\ast\util\math\HumaniseCamelCase.java,48,4,8
G:\MetricsToolGIT\JDeodorant-master\src\gr\uom\java\ast\util\math\LevenshteinDistance.java,13,0,0
G:\MetricsToolGIT\JDeodorant-master\src\gr\uom\java\ast\util\math\Node.java,37,3,8
G:\MetricsToolGIT\JDeodorant-master\src\gr\uom\java\ast\util\math\Stemmer.java,444,39,8
G:\MetricsToolGIT\JDeodorant-master\src\gr\uom\java\ast\util\math\TarjanAlgorithm.java,47,0,0
G:\MetricsToolGIT\JDeodorant-master\src\gr\uom\java\ast\util\MethodDeclarationUtility.java,238,0,0
G:\MetricsToolGIT\JDeodorant-master\src\gr\uom\java\ast\util\StatementExtractor.java,259,0,0
G:\MetricsToolGIT\JDeodorant-master\src\gr\uom\java\ast\util\StatementInstanceChecker.java,5,0,0
G:\MetricsToolGIT\JDeodorant-master\src\gr\uom\java\ast\util\SuperMethodInvocationVisitor.java,15,0,0
G:\MetricsToolGIT\JDeodorant-master\src\gr\uom\java\ast\util\ThrownExceptionVisitor.java,43,0,0
G:\MetricsToolGIT\JDeodorant-master\src\gr\uom\java\ast\util\TopicFinder.java,74,5,6
G:\MetricsToolGIT\JDeodorant-master\src\gr\uom\java\ast\util\TypeVisitor.java,36,0,0
G:\MetricsToolGIT\JDeodorant-master\src\gr\uom\java\ast\VariableDeclarationObject.java,10,0,0
G:\MetricsToolGIT\JDeodorant-master\src\gr\uom\java\ast\visualization\ClassFigure.java,70,0,0
G:\MetricsToolGIT\JDeodorant-master\src\gr\uom\java\ast\visualization\ClassFigureMover.java,52,6,11
G:\MetricsToolGIT\JDeodorant-master\src\gr\uom\java\ast\visualization\CompartmentFigure.java,18,2,11
G:\MetricsToolGIT\JDeodorant-master\src\gr\uom\java\ast\visualization\CompartmentFigureBorder.java,13,0,0
G:\MetricsToolGIT\JDeodorant-master\src\gr\uom\java\ast\visualization\ConnectionType.java,9,0,0
G:\MetricsToolGIT\JDeodorant-master\src\gr\uom\java\ast\visualization\DecorationConstants.java,20,0,0
G:\MetricsToolGIT\JDeodorant-master\src\gr\uom\java\ast\visualization\EntityFigure.java,174,4,2
G:\MetricsToolGIT\JDeodorant-master\src\gr\uom\java\ast\visualization\EntityFigureListener.java,60,6,10
G:\MetricsToolGIT\JDeodorant-master\src\gr\uom\java\ast\visualization\FeatureEnviedMethodInformationControl.java,117,7,5
G:\MetricsToolGIT\JDeodorant-master\src\gr\uom\java\ast\visualization\FeatureEnviedMethodInformationControlCreator.java,13,1,7
G:\MetricsToolGIT\JDeodorant-master\src\gr\uom\java\ast\visualization\FeatureEnvyDiagram.java,148,17,11
G:\MetricsToolGIT\JDeodorant-master\src\gr\uom\java\ast\visualization\FeatureEnvyVisualizationData.java,329,3,0
G:\MetricsToolGIT\JDeodorant-master\src\gr\uom\java\ast\visualization\GodClassDiagram.java,206,10,4
G:\MetricsToolGIT\JDeodorant-master\src\gr\uom\java\ast\visualization\GodClassDiagram2.java,428,30,7
G:\MetricsToolGIT\JDeodorant-master\src\gr\uom\java\ast\visualization\GodClassInformationControl.java,88,3,3
G:\MetricsToolGIT\JDeodorant-master\src\gr\uom\java\ast\visualization\GodClassInformationControlCreator.java,13,0,0
G:\MetricsToolGIT\JDeodorant-master\src\gr\uom\java\ast\visualization\GodClassVisualizationData.java,265,8,3
G:\MetricsToolGIT\JDeodorant-master\src\gr\uom\java\ast\visualization\ICustomInformationControlCreator.java,5,2,40
G:\MetricsToolGIT\JDeodorant-master\src\gr\uom\java\ast\visualization\IInformationProvider.java,7,3,42
G:\MetricsToolGIT\JDeodorant-master\src\gr\uom\java\ast\visualization\InformationControlManager.java,129,19,14
G:\MetricsToolGIT\JDeodorant-master\src\gr\uom\java\ast\visualization\JConnection.java,176,11,6
G:\MetricsToolGIT\JDeodorant-master\src\gr\uom\java\ast\visualization\LeftAnchor.java,14,0,0
G:\MetricsToolGIT\JDeodorant-master\src\gr\uom\java\ast\visualization\Legend.java,151,5,3
G:\MetricsToolGIT\JDeodorant-master\src\gr\uom\java\ast\visualization\MethodClassSection.java,25,1,4
G:\MetricsToolGIT\JDeodorant-master\src\gr\uom\java\ast\visualization\MyContentProposalProvider.java,21,1,4
G:\MetricsToolGIT\JDeodorant-master\src\gr\uom\java\ast\visualization\PackageFigure.java,73,0,0
G:\MetricsToolGIT\JDeodorant-master\src\gr\uom\java\ast\visualization\PackageMapDiagram.java,308,19,6
G:\MetricsToolGIT\JDeodorant-master\src\gr\uom\java\ast\visualization\PackageMapDiagramInformationProvider.java,33,1,3
G:\MetricsToolGIT\JDeodorant-master\src\gr\uom\java\ast\visualization\PackageMapFigure.java,6,0,0
G:\MetricsToolGIT\JDeodorant-master\src\gr\uom\java\ast\visualization\PMClassFigure.java,131,1,0
G:\MetricsToolGIT\JDeodorant-master\src\gr\uom\java\ast\visualization\ProportionalFlowLayout.java,71,6,8
G:\MetricsToolGIT\JDeodorant-master\src\gr\uom\java\ast\visualization\RightAnchor.java,14,0,0
G:\MetricsToolGIT\JDeodorant-master\src\gr\uom\java\ast\visualization\SearchDialog.java,72,4,5
G:\MetricsToolGIT\JDeodorant-master\src\gr\uom\java\ast\visualization\SearchInputAction.java,29,2,6
G:\MetricsToolGIT\JDeodorant-master\src\gr\uom\java\ast\visualization\SectionCompartment.java,30,1,3
G:\MetricsToolGIT\JDeodorant-master\src\gr\uom\java\ast\visualization\SmellyClassMouseListener.java,57,2,3
G:\MetricsToolGIT\JDeodorant-master\src\gr\uom\java\ast\visualization\VisualizationData.java,5,0,0
G:\MetricsToolGIT\JDeodorant-master\src\gr\uom\java\ast\visualization\ZoomAction.java,50,0,0
G:\MetricsToolGIT\JDeodorant-master\src\gr\uom\java\ast\visualization\ZoomInputAction.java,43,0,0
G:\MetricsToolGIT\JDeodorant-master\src\gr\uom\java\distance\CandidateRefactoring.java,49,0,0
G:\MetricsToolGIT\JDeodorant-master\src\gr\uom\java\distance\ClusterSizeComparator.java,13,0,0
G:\MetricsToolGIT\JDeodorant-master\src\gr\uom\java\distance\DistanceCalculator.java,22,0,0
G:\MetricsToolGIT\JDeodorant-master\src\gr\uom\java\distance\DistanceMatrix.java,344,5,1
G:\MetricsToolGIT\JDeodorant-master\src\gr\uom\java\distance\Entity.java,7,0,0
G:\MetricsToolGIT\JDeodorant-master\src\gr\uom\java\distance\ExtractClassCandidateGroup.java,80,0,0
G:\MetricsToolGIT\JDeodorant-master\src\gr\uom\java\distance\ExtractClassCandidateRefactoring.java,306,3,0
G:\MetricsToolGIT\JDeodorant-master\src\gr\uom\java\distance\ExtractedConcept.java,54,0,0
G:\MetricsToolGIT\JDeodorant-master\src\gr\uom\java\distance\MoveMethodCandidateRefactoring.java,274,9,3
G:\MetricsToolGIT\JDeodorant-master\src\gr\uom\java\distance\MyAbstractExpression.java,146,0,0
G:\MetricsToolGIT\JDeodorant-master\src\gr\uom\java\distance\MyAbstractStatement.java,190,0,0
G:\MetricsToolGIT\JDeodorant-master\src\gr\uom\java\distance\MyAttribute.java,112,0,0
G:\MetricsToolGIT\JDeodorant-master\src\gr\uom\java\distance\MyAttributeInstruction.java,48,0,0
G:\MetricsToolGIT\JDeodorant-master\src\gr\uom\java\distance\MyClass.java,110,0,0
G:\MetricsToolGIT\JDeodorant-master\src\gr\uom\java\distance\MyCompositeStatement.java,191,0,0
G:\MetricsToolGIT\JDeodorant-master\src\gr\uom\java\distance\MyMethod.java,187,0,0
G:\MetricsToolGIT\JDeodorant-master\src\gr\uom\java\distance\MyMethodBody.java,83,0,0
G:\MetricsToolGIT\JDeodorant-master\src\gr\uom\java\distance\MyMethodInvocation.java,57,0,0
G:\MetricsToolGIT\JDeodorant-master\src\gr\uom\java\distance\MyStatement.java,10,0,0
G:\MetricsToolGIT\JDeodorant-master\src\gr\uom\java\distance\MySystem.java,174,0,0
G:\MetricsToolGIT\JDeodorant-master\src\gr\uom\java\history\Evolution.java,8,0,0
G:\MetricsToolGIT\JDeodorant-master\src\gr\uom\java\history\FeatureEnvyEvolution.java,195,0,0
G:\MetricsToolGIT\JDeodorant-master\src\gr\uom\java\history\MethodEvolution.java,151,0,0
G:\MetricsToolGIT\JDeodorant-master\src\gr\uom\java\history\ProjectEvolution.java,50,0,0
G:\MetricsToolGIT\JDeodorant-master\src\gr\uom\java\history\ProjectVersion.java,80,0,0
G:\MetricsToolGIT\JDeodorant-master\src\gr\uom\java\history\ProjectVersionPair.java,18,0,0
G:\MetricsToolGIT\JDeodorant-master\src\gr\uom\java\history\TypeCheckingEvolution.java,274,1,0
G:\MetricsToolGIT\JDeodorant-master\src\gr\uom\java\jdeodorant\preferences\PreferenceConstants.java,16,1,6
G:\MetricsToolGIT\JDeodorant-master\src\gr\uom\java\jdeodorant\preferences\PreferenceInitializer.java,22,2,9
G:\MetricsToolGIT\JDeodorant-master\src\gr\uom\java\jdeodorant\preferences\PropertyManagerPreferencePage.java,249,3,1
G:\MetricsToolGIT\JDeodorant-master\src\gr\uom\java\jdeodorant\refactoring\actions\BadSmellsMenu.java,37,6,16
G:\MetricsToolGIT\JDeodorant-master\src\gr\uom\java\jdeodorant\refactoring\Activator.java,25,8,32
G:\MetricsToolGIT\JDeodorant-master\src\gr\uom\java\jdeodorant\refactoring\manipulators\ASTSlice.java,396,0,0
G:\MetricsToolGIT\JDeodorant-master\src\gr\uom\java\jdeodorant\refactoring\manipulators\ASTSliceGroup.java,83,1,1
G:\MetricsToolGIT\JDeodorant-master\src\gr\uom\java\jdeodorant\refactoring\manipulators\ExtractClassRefactoring.java,3475,35,1
G:\MetricsToolGIT\JDeodorant-master\src\gr\uom\java\jdeodorant\refactoring\manipulators\ExtractClassRefactoringDescriptor.java,38,0,0
G:\MetricsToolGIT\JDeodorant-master\src\gr\uom\java\jdeodorant\refactoring\manipulators\ExtractCloneRefactoring.java,4183,59,1
G:\MetricsToolGIT\JDeodorant-master\src\gr\uom\java\jdeodorant\refactoring\manipulators\ExtractCloneRefactoringDescriptor.java,22,0,0
G:\MetricsToolGIT\JDeodorant-master\src\gr\uom\java\jdeodorant\refactoring\manipulators\ExtractMethodFragmentRefactoring.java,548,3,0
G:\MetricsToolGIT\JDeodorant-master\src\gr\uom\java\jdeodorant\refactoring\manipulators\ExtractMethodRefactoring.java,393,1,0
G:\MetricsToolGIT\JDeodorant-master\src\gr\uom\java\jdeodorant\refactoring\manipulators\ExtractMethodRefactoringDescriptor.java,23,0,0
G:\MetricsToolGIT\JDeodorant-master\src\gr\uom\java\jdeodorant\refactoring\manipulators\MoveMethodRefactoring.java,1702,1,0
G:\MetricsToolGIT\JDeodorant-master\src\gr\uom\java\jdeodorant\refactoring\manipulators\MoveMethodRefactoringDescriptor.java,39,0,0
G:\MetricsToolGIT\JDeodorant-master\src\gr\uom\java\jdeodorant\refactoring\manipulators\PolymorphismRefactoring.java,988,0,0
G:\MetricsToolGIT\JDeodorant-master\src\gr\uom\java\jdeodorant\refactoring\manipulators\RefactoringUtility.java,402,4,0
G:\MetricsToolGIT\JDeodorant-master\src\gr\uom\java\jdeodorant\refactoring\manipulators\ReplaceConditionalWithPolymorphism.java,991,5,0
G:\MetricsToolGIT\JDeodorant-master\src\gr\uom\java\jdeodorant\refactoring\manipulators\ReplaceConditionalWithPolymorphismDescriptor.java,29,0,0
G:\MetricsToolGIT\JDeodorant-master\src\gr\uom\java\jdeodorant\refactoring\manipulators\ReplaceTypeCodeWithStateStrategy.java,2910,7,0
G:\MetricsToolGIT\JDeodorant-master\src\gr\uom\java\jdeodorant\refactoring\manipulators\ReplaceTypeCodeWithStateStrategyDescriptor.java,29,0,0
G:\MetricsToolGIT\JDeodorant-master\src\gr\uom\java\jdeodorant\refactoring\manipulators\TypeCheckElimination.java,1125,2,0
G:\MetricsToolGIT\JDeodorant-master\src\gr\uom\java\jdeodorant\refactoring\manipulators\TypeCheckEliminationGroup.java,106,0,0
G:\MetricsToolGIT\JDeodorant-master\src\gr\uom\java\jdeodorant\refactoring\views\CloneDiffContentProvider.java,24,0,0
G:\MetricsToolGIT\JDeodorant-master\src\gr\uom\java\jdeodorant\refactoring\views\CloneDiffSide.java,4,0,0
G:\MetricsToolGIT\JDeodorant-master\src\gr\uom\java\jdeodorant\refactoring\views\CloneDiffStyledLabelProvider.java,150,10,6
G:\MetricsToolGIT\JDeodorant-master\src\gr\uom\java\jdeodorant\refactoring\views\CloneDiffTooltip.java,217,13,5
G:\MetricsToolGIT\JDeodorant-master\src\gr\uom\java\jdeodorant\refactoring\views\CloneDiffWizardPage.java,335,18,5
G:\MetricsToolGIT\JDeodorant-master\src\gr\uom\java\jdeodorant\refactoring\views\CloneRefactoringAction.java,188,2,1
G:\MetricsToolGIT\JDeodorant-master\src\gr\uom\java\jdeodorant\refactoring\views\CodeSmellPackageExplorer.java,226,8,3
G:\MetricsToolGIT\JDeodorant-master\src\gr\uom\java\jdeodorant\refactoring\views\CodeSmellVisualization.java,150,1,0
G:\MetricsToolGIT\JDeodorant-master\src\gr\uom\java\jdeodorant\refactoring\views\CodeSmellVisualizationDataSingleton.java,19,0,0
G:\MetricsToolGIT\JDeodorant-master\src\gr\uom\java\jdeodorant\refactoring\views\DuplicatedCode.java,809,3,0
G:\MetricsToolGIT\JDeodorant-master\src\gr\uom\java\jdeodorant\refactoring\views\ElementChangedListener.java,45,0,0
G:\MetricsToolGIT\JDeodorant-master\src\gr\uom\java\jdeodorant\refactoring\views\EvolutionDialog.java,132,0,0
G:\MetricsToolGIT\JDeodorant-master\src\gr\uom\java\jdeodorant\refactoring\views\EvolutionRow.java,16,0,0
G:\MetricsToolGIT\JDeodorant-master\src\gr\uom\java\jdeodorant\refactoring\views\ExtractClassInputPage.java,142,0,0
G:\MetricsToolGIT\JDeodorant-master\src\gr\uom\java\jdeodorant\refactoring\views\ExtractMethodInputPage.java,95,0,0
G:\MetricsToolGIT\JDeodorant-master\src\gr\uom\java\jdeodorant\refactoring\views\FeatureEnvy.java,779,19,2
G:\MetricsToolGIT\JDeodorant-master\src\gr\uom\java\jdeodorant\refactoring\views\GodClass.java,814,9,1
G:\MetricsToolGIT\JDeodorant-master\src\gr\uom\java\jdeodorant\refactoring\views\ImportClonesWizard.java,111,0,0
G:\MetricsToolGIT\JDeodorant-master\src\gr\uom\java\jdeodorant\refactoring\views\ImportClonesWizardPage.java,170,1,0
G:\MetricsToolGIT\JDeodorant-master\src\gr\uom\java\jdeodorant\refactoring\views\LabelControlContribution.java,31,0,0
G:\MetricsToolGIT\JDeodorant-master\src\gr\uom\java\jdeodorant\refactoring\views\LongMethod.java,789,11,1
G:\MetricsToolGIT\JDeodorant-master\src\gr\uom\java\jdeodorant\refactoring\views\MethodEvolutionAction.java,59,0,0
G:\MetricsToolGIT\JDeodorant-master\src\gr\uom\java\jdeodorant\refactoring\views\MethodNameValidator.java,13,0,0
G:\MetricsToolGIT\JDeodorant-master\src\gr\uom\java\jdeodorant\refactoring\views\MoveMethodInputPage.java,88,0,0
G:\MetricsToolGIT\JDeodorant-master\src\gr\uom\java\jdeodorant\refactoring\views\MultilineButton.java,27,0,0
G:\MetricsToolGIT\JDeodorant-master\src\gr\uom\java\jdeodorant\refactoring\views\MyComboBoxCellEditor.java,21,0,0
G:\MetricsToolGIT\JDeodorant-master\src\gr\uom\java\jdeodorant\refactoring\views\MyRefactoringWizard.java,70,0,0
G:\MetricsToolGIT\JDeodorant-master\src\gr\uom\java\jdeodorant\refactoring\views\ReplaceTypeCodeWithStateStrategyInputPage.java,171,0,0
G:\MetricsToolGIT\JDeodorant-master\src\gr\uom\java\jdeodorant\refactoring\views\SliceAnnotation.java,9,0,0
G:\MetricsToolGIT\JDeodorant-master\src\gr\uom\java\jdeodorant\refactoring\views\SliceProfileAction.java,110,2,1
G:\MetricsToolGIT\JDeodorant-master\src\gr\uom\java\jdeodorant\refactoring\views\SliceProfileDialog.java,334,0,0
G:\MetricsToolGIT\JDeodorant-master\src\gr\uom\java\jdeodorant\refactoring\views\SliceProfileRow.java,31,0,0
G:\MetricsToolGIT\JDeodorant-master\src\gr\uom\java\jdeodorant\refactoring\views\StringCompareEditorInput.java,46,0,0
G:\MetricsToolGIT\JDeodorant-master\src\gr\uom\java\jdeodorant\refactoring\views\StyledStringStyler.java,76,4,5
G:\MetricsToolGIT\JDeodorant-master\src\gr\uom\java\jdeodorant\refactoring\views\StyledStringVisitor.java,1090,87,7
G:\MetricsToolGIT\JDeodorant-master\src\gr\uom\java\jdeodorant\refactoring\views\TypeChecking.java,663,13,1
G:\MetricsToolGIT\JDeodorant-master\src\gr\uom\java\jdeodorant\refactoring\views\ZoomValueValidator.java,15,0,0
